mysql> SELECT COUNT(*) FROM address_book_table GROUP BY Type;
+----------+
| COUNT(*) |
+----------+
|        2 |
|        1 |
+----------+
2 rows in set (0.00 sec)

mysql> SELECT Type, COUNT(*) FROM address_book_table GROUP BY Type;
+--------+----------+
| Type   | COUNT(*) |
+--------+----------+
| Family |        2 |
| Friend |        1 |
+--------+----------+
2 rows in set (0.00 sec)